"Answers","Participant Config Hash","Participant Id","Search Params","Sequence","Sequence Array"
"{""instructions"":{""answer"":{},""startTime"":1708309250573,""endTime"":1708309252243},""more-common"":{""endTime"":1708309219216,""answer"":{""major-quadrant"":""0""},""startTime"":1708309200964},""chart-render-6"":{""startTime"":1708309258160,""answer"":{},""endTime"":1708309259332},""chart-render-3"":{""endTime"":1708309255771,""startTime"":1708309254608,""answer"":{}},""chart-render-1"":{""startTime"":1708309252248,""answer"":{},""endTime"":1708309253425},""chart-render-4"":{""endTime"":1708309256950,""startTime"":1708309255778,""answer"":{}},""chart-render-7"":{""endTime"":1708309260507,""answer"":{},""startTime"":1708309259338},""chart-render-2"":{""endTime"":1708309254599,""startTime"":1708309253435,""answer"":{}},""chart-render-5"":{""answer"":{},""endTime"":1708309258150,""startTime"":1708309256956},""g-conclusion"":{""startTime"":1708309228579,""answer"":{""gorilla-notice"":""0""},""endTime"":1708309233384},""d-conclusion"":{""endTime"":1708309228574,""startTime"":1708309219223,""answer"":{""dinosaur-notice"":""0""}}}","657265e9358aaeeafdbae13aeaf67209ab646a575bd85341af5a10e8da19e45c","1FDmsehoHyYoNGSalHaK","{}","instructions,chart-render-1,chart-render-2,chart-render-3,chart-render-4,chart-render-5,chart-render-6,chart-render-7,more-common,d-conclusion,g-conclusion,end",""
"{""chart-render-4"":{""startTime"":1708371915585,""endTime"":1708371916687,""answer"":{}},""chart-render-7"":{""startTime"":1708371919004,""endTime"":1708371920119,""answer"":{}},""chart-render-5"":{""startTime"":1708371916701,""answer"":{},""endTime"":1708371917884},""chart-render-2"":{""answer"":{},""endTime"":1708371914435,""startTime"":1708371913329},""chart-render-1"":{""answer"":{},""endTime"":1708371913302,""startTime"":1708371911991},""chart-render-6"":{""answer"":{},""endTime"":1708371918986,""startTime"":1708371917906},""instructions"":{""startTime"":1708371908439,""answer"":{},""endTime"":1708371911979},""chart-render-3"":{""answer"":{},""endTime"":1708371915570,""startTime"":1708371914456}}","657265e9358aaeeafdbae13aeaf67209ab646a575bd85341af5a10e8da19e45c","3UIbMyELZFFFnu12r8Ty","{}","instructions,chart-render-1,chart-render-2,chart-render-3,chart-render-4,chart-render-5,chart-render-6,chart-render-7,more-common,d-conclusion,g-conclusion,end",""
"{}","657265e9358aaeeafdbae13aeaf67209ab646a575bd85341af5a10e8da19e45c","4MZ3wcbq1wTuFrabinuO","{}","instructions,chart-render-1,chart-render-2,chart-render-3,chart-render-4,chart-render-5,chart-render-6,chart-render-7,more-common,d-conclusion,g-conclusion,end",""
"{""g-conclusion"":{""answer"":{""gorilla-notice"":""0""},""startTime"":1708288986410,""endTime"":1708288987961},""chart-render-6"":{""endTime"":1708391755368,""startTime"":1708391754316,""answer"":{}},""d-conclusion"":{""endTime"":1708288986405,""answer"":{""dinosaur-notice"":""1""},""startTime"":1708288984620},""chart-render-1"":{""startTime"":1708391748690,""answer"":{},""endTime"":1708391749985},""chart-render-5"":{""startTime"":1708391753168,""endTime"":1708391754309,""answer"":{}},""instructions"":{""startTime"":1708391744474,""endTime"":1708391748682,""answer"":{}},""chart-render-4"":{""endTime"":1708391753161,""startTime"":1708391752109,""answer"":{}},""chart-render-2"":{""endTime"":1708391751051,""startTime"":1708391749994,""answer"":{}},""chart-render-7"":{""endTime"":1708391756433,""answer"":{},""startTime"":1708391755374},""chart-render-3"":{""startTime"":1708391751059,""answer"":{},""endTime"":1708391752102},""more-common"":{""answer"":{""major-quadrant"":""1""},""startTime"":1708288982113,""endTime"":1708288984613}}","657265e9358aaeeafdbae13aeaf67209ab646a575bd85341af5a10e8da19e45c","6cbOT0VcBZ3WLlEKEN3F","{}","instructions,chart-render-1,chart-render-2,chart-render-3,chart-render-4,chart-render-5,chart-render-6,chart-render-7,more-common,d-conclusion,g-conclusion,end",""
"{""chart-render-3"":{""answer"":{},""startTime"":1708388290576,""endTime"":1708388291615},""d-conclusion"":{""answer"":{""dinosaur-notice"":""0""},""endTime"":1708388321453,""startTime"":1708388306410},""chart-render-2"":{""answer"":{},""endTime"":1708388290548,""startTime"":1708388289520},""more-common"":{""endTime"":1708388306397,""answer"":{""major-quadrant"":""1""},""startTime"":1708388295938},""chart-render-4"":{""endTime"":1708388292695,""answer"":{},""startTime"":1708388291639},""chart-render-1"":{""startTime"":1708388288443,""answer"":{},""endTime"":1708388289494},""chart-render-5"":{""startTime"":1708388292720,""endTime"":1708388293769,""answer"":{}},""instructions"":{""answer"":{},""startTime"":1708388286670,""endTime"":1708388288426},""chart-render-7"":{""answer"":{},""startTime"":1708388294855,""endTime"":1708388295892},""g-conclusion"":{""answer"":{""gorilla-notice"":""0""},""endTime"":1708388331282,""startTime"":1708388321470},""chart-render-6"":{""answer"":{},""endTime"":1708388294833,""startTime"":1708388293792}}","657265e9358aaeeafdbae13aeaf67209ab646a575bd85341af5a10e8da19e45c","9dRUlobuemWrwbN63Q5h","{}","instructions,chart-render-1,chart-render-2,chart-render-3,chart-render-4,chart-render-5,chart-render-6,chart-render-7,more-common,d-conclusion,g-conclusion,end",""
"{""g-conclusion"":{""answer"":{""gorilla-notice"":""0""},""startTime"":1708359946899,""endTime"":1708359949738},""instructions"":{""startTime"":1708359925710,""answer"":{},""endTime"":1708359928518},""chart-render-1"":{""startTime"":1708359928529,""answer"":{},""endTime"":1708359929857},""chart-render-6"":{""endTime"":1708359935191,""startTime"":1708359934168,""answer"":{}},""chart-render-4"":{""answer"":{},""endTime"":1708359932996,""startTime"":1708359931972},""more-common"":{""answer"":{""major-quadrant"":""1""},""startTime"":1708359936254,""endTime"":1708359942240},""chart-render-2"":{""endTime"":1708359930908,""answer"":{},""startTime"":1708359929867},""chart-render-5"":{""answer"":{},""startTime"":1708359933007,""endTime"":1708359934149},""d-conclusion"":{""answer"":{""dinosaur-notice"":""0""},""startTime"":1708359942246,""endTime"":1708359946895},""chart-render-7"":{""endTime"":1708359936241,""startTime"":1708359935196,""answer"":{}},""chart-render-3"":{""answer"":{},""startTime"":1708359930922,""endTime"":1708359931964}}","657265e9358aaeeafdbae13aeaf67209ab646a575bd85341af5a10e8da19e45c","DAiJOhHAQNJg8LNt9xhp","{}","instructions,chart-render-1,chart-render-2,chart-render-3,chart-render-4,chart-render-5,chart-render-6,chart-render-7,more-common,d-conclusion,g-conclusion,end",""
"{""instructions"":{""endTime"":1708359999336,""answer"":{},""startTime"":1708359948485},""chart-render-3"":{""endTime"":1708360002908,""startTime"":1708360001830,""answer"":{}},""chart-render-2"":{""endTime"":1708360001820,""startTime"":1708360000747,""answer"":{}},""more-common"":{""endTime"":1708360030207,""answer"":{""major-quadrant"":""0""},""startTime"":1708360007395},""chart-render-4"":{""endTime"":1708360003983,""answer"":{},""startTime"":1708360002917},""chart-render-1"":{""answer"":{},""startTime"":1708359999343,""endTime"":1708360000731},""d-conclusion"":{""answer"":{""dinosaur-notice"":""0""},""startTime"":1708360030213,""endTime"":1708360038814},""chart-render-5"":{""answer"":{},""endTime"":1708360005223,""startTime"":1708360003994},""g-conclusion"":{""answer"":{""gorilla-notice"":""0""},""startTime"":1708360038819,""endTime"":1708360041256},""chart-render-7"":{""answer"":{},""endTime"":1708360007375,""startTime"":1708360006319},""chart-render-6"":{""startTime"":1708360005234,""endTime"":1708360006309,""answer"":{}}}","657265e9358aaeeafdbae13aeaf67209ab646a575bd85341af5a10e8da19e45c","Iw2c0T3cs7VOYn963ygV","{}","instructions,chart-render-1,chart-render-2,chart-render-3,chart-render-4,chart-render-5,chart-render-6,chart-render-7,more-common,d-conclusion,g-conclusion,end",""
"{}","657265e9358aaeeafdbae13aeaf67209ab646a575bd85341af5a10e8da19e45c","OfBKVNa8NT6xUTID2nTc","{}","instructions,chart-render-1,chart-render-2,chart-render-3,chart-render-4,chart-render-5,chart-render-6,chart-render-7,more-common,d-conclusion,g-conclusion,end",""
"{""chart-render-2"":{""startTime"":1708388913781,""answer"":{},""endTime"":1708388914836},""d-conclusion"":{""answer"":{""dinosaur-notice"":""1""},""endTime"":1708300503520,""startTime"":1708300499413},""chart-render-1"":{""answer"":{},""endTime"":1708388913761,""startTime"":1708388912693},""instructions"":{""startTime"":1708388886559,""answer"":{},""endTime"":1708388912678},""chart-render-7"":{""endTime"":1708388920269,""answer"":{},""startTime"":1708388919186},""chart-render-4"":{""endTime"":1708388917010,""startTime"":1708388915950,""answer"":{}},""chart-render-6"":{""answer"":{},""endTime"":1708388919172,""startTime"":1708388918121},""chart-render-3"":{""answer"":{},""endTime"":1708388915927,""startTime"":1708388914862},""g-conclusion"":{""endTime"":1708300507505,""answer"":{""gorilla-notice"":""0""},""startTime"":1708300503533},""more-common"":{""startTime"":1708300481020,""answer"":{""major-quadrant"":""1""},""endTime"":1708300499392},""chart-render-5"":{""endTime"":1708388918094,""startTime"":1708388917027,""answer"":{}}}","657265e9358aaeeafdbae13aeaf67209ab646a575bd85341af5a10e8da19e45c","PKzMyyHhqRteK35153cA","{}","instructions,chart-render-1,chart-render-2,chart-render-3,chart-render-4,chart-render-5,chart-render-6,chart-render-7,more-common,d-conclusion,g-conclusion,end",""
"{""chart-render-6"":{""startTime"":1708396629587,""answer"":{},""endTime"":1708396630625},""g-conclusion"":{""startTime"":1708396725957,""endTime"":1708396731322,""answer"":{""gorilla-notice"":""0""}},""chart-render-4"":{""endTime"":1708396628413,""answer"":{},""startTime"":1708396627381},""chart-render-3"":{""startTime"":1708396626315,""endTime"":1708396627356,""answer"":{}},""instructions"":{""startTime"":1708396554128,""endTime"":1708396623974,""answer"":{}},""chart-render-5"":{""answer"":{},""endTime"":1708396629565,""startTime"":1708396628438},""more-common"":{""startTime"":1708396631721,""endTime"":1708396673344,""answer"":{""major-quadrant"":""1""}},""d-conclusion"":{""startTime"":1708396673361,""answer"":{""dinosaur-notice"":""0""},""endTime"":1708396725943},""chart-render-7"":{""endTime"":1708396631688,""startTime"":1708396630644,""answer"":{}},""chart-render-1"":{""endTime"":1708396625221,""answer"":{},""startTime"":1708396623992},""chart-render-2"":{""endTime"":1708396626287,""startTime"":1708396625250,""answer"":{}}}","657265e9358aaeeafdbae13aeaf67209ab646a575bd85341af5a10e8da19e45c","QWwYe9EKoTLlbhU8TESh","{}","instructions,chart-render-1,chart-render-2,chart-render-3,chart-render-4,chart-render-5,chart-render-6,chart-render-7,more-common,d-conclusion,g-conclusion,end",""
"{""d-conclusion"":{""endTime"":1708394781189,""startTime"":1708394775811,""answer"":{""dinosaur-notice"":""0""}},""instructions"":{""startTime"":1708394630685,""answer"":{},""endTime"":1708394749695},""chart-render-4"":{""answer"":{},""startTime"":1708394753200,""endTime"":1708394754215},""g-conclusion"":{""answer"":{""gorilla-notice"":""0""},""startTime"":1708394781196,""endTime"":1708394784717},""chart-render-7"":{""answer"":{},""endTime"":1708394757393,""startTime"":1708394756378},""more-common"":{""startTime"":1708394757413,""endTime"":1708394775804,""answer"":{""major-quadrant"":""1""}},""chart-render-2"":{""startTime"":1708394751142,""endTime"":1708394752161,""answer"":{}},""chart-render-5"":{""answer"":{},""endTime"":1708394755337,""startTime"":1708394754223},""chart-render-6"":{""answer"":{},""endTime"":1708394756369,""startTime"":1708394755348},""chart-render-3"":{""answer"":{},""startTime"":1708394752173,""endTime"":1708394753189},""chart-render-1"":{""endTime"":1708394751131,""answer"":{},""startTime"":1708394749703}}","657265e9358aaeeafdbae13aeaf67209ab646a575bd85341af5a10e8da19e45c","R8mfv99DivlshJ6MBRED","{}","instructions,chart-render-1,chart-render-2,chart-render-3,chart-render-4,chart-render-5,chart-render-6,chart-render-7,more-common,d-conclusion,g-conclusion,end",""
"{""instructions"":{""endTime"":1708386432170,""answer"":{},""startTime"":1708386392658},""d-conclusion"":{""startTime"":1708386449649,""endTime"":1708386458057,""answer"":{""dinosaur-notice"":""1""}},""chart-render-6"":{""endTime"":1708386439126,""startTime"":1708386438048,""answer"":{}},""g-conclusion"":{""endTime"":1708386461885,""startTime"":1708386458078,""answer"":{""gorilla-notice"":""0""}},""chart-render-1"":{""answer"":{},""startTime"":1708386432197,""endTime"":1708386433581},""chart-render-3"":{""endTime"":1708386435729,""startTime"":1708386434697,""answer"":{}},""more-common"":{""endTime"":1708386449634,""answer"":{""major-quadrant"":""1""},""startTime"":1708386440257},""chart-render-4"":{""startTime"":1708386435756,""endTime"":1708386436859,""answer"":{}},""chart-render-2"":{""answer"":{},""endTime"":1708386434686,""startTime"":1708386433613},""chart-render-5"":{""startTime"":1708386436880,""endTime"":1708386438026,""answer"":{}},""chart-render-7"":{""startTime"":1708386439143,""answer"":{},""endTime"":1708386440211}}","657265e9358aaeeafdbae13aeaf67209ab646a575bd85341af5a10e8da19e45c","XXRPnemke4VTFHFggNT1","{}","instructions,chart-render-1,chart-render-2,chart-render-3,chart-render-4,chart-render-5,chart-render-6,chart-render-7,more-common,d-conclusion,g-conclusion,end",""
"{""chart-render-4"":{""answer"":{},""endTime"":1708303797267,""startTime"":1708303796175},""chart-render-1"":{""answer"":{},""startTime"":1708303792657,""endTime"":1708303794007},""chart-render-6"":{""startTime"":1708303798408,""endTime"":1708303799486,""answer"":{}},""instructions"":{""answer"":{},""startTime"":1708303782892,""endTime"":1708303792651},""chart-render-2"":{""startTime"":1708303794015,""endTime"":1708303795090,""answer"":{}},""chart-render-7"":{""endTime"":1708303800580,""startTime"":1708303799495,""answer"":{}},""chart-render-3"":{""startTime"":1708303795098,""answer"":{},""endTime"":1708303796167},""chart-render-5"":{""startTime"":1708303797274,""endTime"":1708303798401,""answer"":{}}}","657265e9358aaeeafdbae13aeaf67209ab646a575bd85341af5a10e8da19e45c","c5aA2PPPlsAKj9cJ9DVm","{}","instructions,chart-render-1,chart-render-2,chart-render-3,chart-render-4,chart-render-5,chart-render-6,chart-render-7,more-common,d-conclusion,g-conclusion,end",""
"{""chart-render-6"":{""startTime"":1708386949845,""answer"":{},""endTime"":1708386950912},""chart-render-3"":{""startTime"":1708386946465,""endTime"":1708386947534,""answer"":{}},""chart-render-4"":{""endTime"":1708386948609,""answer"":{},""startTime"":1708386947543},""chart-render-5"":{""startTime"":1708386948617,""endTime"":1708386949839,""answer"":{}},""more-common"":{""startTime"":1708386951994,""endTime"":1708386967333,""answer"":{""major-quadrant"":""1""}},""chart-render-7"":{""answer"":{},""endTime"":1708386951983,""startTime"":1708386950921},""d-conclusion"":{""startTime"":1708386967336,""answer"":{""dinosaur-notice"":""0""},""endTime"":1708386972679},""chart-render-2"":{""endTime"":1708386946457,""answer"":{},""startTime"":1708386945386},""g-conclusion"":{""startTime"":1708386972684,""endTime"":1708386975183,""answer"":{""gorilla-notice"":""0""}},""instructions"":{""startTime"":1708386905074,""answer"":{},""endTime"":1708386944195},""chart-render-1"":{""startTime"":1708386944202,""answer"":{},""endTime"":1708386945379}}","657265e9358aaeeafdbae13aeaf67209ab646a575bd85341af5a10e8da19e45c","cXk5kOBrvZ41KPwdhJWP","{}","instructions,chart-render-1,chart-render-2,chart-render-3,chart-render-4,chart-render-5,chart-render-6,chart-render-7,more-common,d-conclusion,g-conclusion,end",""
"{}","657265e9358aaeeafdbae13aeaf67209ab646a575bd85341af5a10e8da19e45c","fl3rdICuR0CZhWJOdSu8","{}","instructions,chart-render-1,chart-render-2,chart-render-3,chart-render-4,chart-render-5,chart-render-6,chart-render-7,more-common,d-conclusion,g-conclusion,end",""
"{""chart-render-7"":{""endTime"":1708303834517,""answer"":{},""startTime"":1708303833479},""chart-render-4"":{""answer"":{},""startTime"":1708303830290,""endTime"":1708303831326},""chart-render-3"":{""answer"":{},""startTime"":1708303829240,""endTime"":1708303830278},""instructions"":{""startTime"":1708303814126,""endTime"":1708303826860,""answer"":{}},""d-conclusion"":{""endTime"":1708303853087,""answer"":{""dinosaur-notice"":""1""},""startTime"":1708303848260},""chart-render-5"":{""startTime"":1708303831335,""endTime"":1708303832423,""answer"":{}},""g-conclusion"":{""answer"":{""gorilla-notice"":""0""},""startTime"":1708303853098,""endTime"":1708303855805},""chart-render-6"":{""startTime"":1708303832437,""endTime"":1708303833470,""answer"":{}},""chart-render-2"":{""answer"":{},""endTime"":1708303829229,""startTime"":1708303828194},""more-common"":{""endTime"":1708303848250,""startTime"":1708303834533,""answer"":{""major-quadrant"":""1""}},""chart-render-1"":{""startTime"":1708303826868,""endTime"":1708303828179,""answer"":{}}}","657265e9358aaeeafdbae13aeaf67209ab646a575bd85341af5a10e8da19e45c","fouI6Oe0nT2GEXsDFZwd","{}","instructions,chart-render-1,chart-render-2,chart-render-3,chart-render-4,chart-render-5,chart-render-6,chart-render-7,more-common,d-conclusion,g-conclusion,end",""
"{""instructions"":{""answer"":{},""endTime"":1708388971186,""startTime"":1708388969426},""chart-render-2"":{""startTime"":1708388972250,""endTime"":1708388973288,""answer"":{}},""more-common"":{""startTime"":1708388912137,""endTime"":1708388928721,""answer"":{""major-quadrant"":""1""}},""chart-render-6"":{""answer"":{},""endTime"":1708388977472,""startTime"":1708388976428},""chart-render-1"":{""startTime"":1708388971190,""answer"":{},""endTime"":1708388972244},""g-conclusion"":{""startTime"":1708388932413,""answer"":{""gorilla-notice"":""0""},""endTime"":1708388935241},""chart-render-7"":{""startTime"":1708388977477,""answer"":{},""endTime"":1708388978524},""chart-render-4"":{""answer"":{},""startTime"":1708388974339,""endTime"":1708388975378},""chart-render-3"":{""endTime"":1708388974334,""startTime"":1708388973295,""answer"":{}},""chart-render-5"":{""startTime"":1708388975382,""answer"":{},""endTime"":1708388976423},""d-conclusion"":{""startTime"":1708388928726,""endTime"":1708388932409,""answer"":{""dinosaur-notice"":""0""}}}","657265e9358aaeeafdbae13aeaf67209ab646a575bd85341af5a10e8da19e45c","fqw1NDtcq1sgGeKci028","{}","instructions,chart-render-1,chart-render-2,chart-render-3,chart-render-4,chart-render-5,chart-render-6,chart-render-7,more-common,d-conclusion,g-conclusion,end",""
"{""chart-render-7"":{""endTime"":1708386393271,""answer"":{},""startTime"":1708386392199},""d-conclusion"":{""endTime"":1708386501668,""startTime"":1708386492273,""answer"":{""dinosaur-notice"":""1""}},""chart-render-3"":{""answer"":{},""startTime"":1708386387831,""endTime"":1708386388884},""more-common"":{""answer"":{""major-quadrant"":""1""},""startTime"":1708386393306,""endTime"":1708386492258},""chart-render-4"":{""answer"":{},""endTime"":1708386389942,""startTime"":1708386388895},""chart-render-1"":{""startTime"":1708386385497,""endTime"":1708386386759,""answer"":{}},""chart-render-2"":{""endTime"":1708386387817,""startTime"":1708386386771,""answer"":{}},""chart-render-6"":{""startTime"":1708386391127,""answer"":{},""endTime"":1708386392186},""instructions"":{""endTime"":1708386385488,""answer"":{},""startTime"":1708386378464},""chart-render-5"":{""answer"":{},""endTime"":1708386391116,""startTime"":1708386389956},""g-conclusion"":{""endTime"":1708386505316,""answer"":{""gorilla-notice"":""0""},""startTime"":1708386501681}}","657265e9358aaeeafdbae13aeaf67209ab646a575bd85341af5a10e8da19e45c","h0habweRUSRkcVZxsCLQ","{}","instructions,chart-render-1,chart-render-2,chart-render-3,chart-render-4,chart-render-5,chart-render-6,chart-render-7,more-common,d-conclusion,g-conclusion,end",""
"{""chart-render-3"":{""answer"":{},""startTime"":1708370520165,""endTime"":1708370521220},""chart-render-2"":{""answer"":{},""endTime"":1708370520155,""startTime"":1708370519107},""chart-render-6"":{""endTime"":1708370524584,""startTime"":1708370523524,""answer"":{}},""g-conclusion"":{""answer"":{""gorilla-notice"":""0""},""endTime"":1708370571329,""startTime"":1708370567846},""chart-render-1"":{""answer"":{},""startTime"":1708370517853,""endTime"":1708370519094},""more-common"":{""endTime"":1708370562863,""startTime"":1708370560008,""answer"":{""major-quadrant"":""0""}},""chart-render-7"":{""endTime"":1708370525646,""answer"":{},""startTime"":1708370524593},""chart-render-4"":{""startTime"":1708370521231,""endTime"":1708370522286,""answer"":{}},""instructions"":{""answer"":{},""startTime"":1708370483307,""endTime"":1708370517844},""d-conclusion"":{""endTime"":1708370567842,""answer"":{""dinosaur-notice"":""0""},""startTime"":1708370562873},""chart-render-5"":{""answer"":{},""startTime"":1708370522296,""endTime"":1708370523512}}","657265e9358aaeeafdbae13aeaf67209ab646a575bd85341af5a10e8da19e45c","jYG5jJRO99aHUrB5JQxB","{}","instructions,chart-render-1,chart-render-2,chart-render-3,chart-render-4,chart-render-5,chart-render-6,chart-render-7,more-common,d-conclusion,g-conclusion,end",""
"{""chart-render-2"":{""answer"":{},""endTime"":1708361585488,""startTime"":1708361584417},""chart-render-4"":{""startTime"":1708361586566,""endTime"":1708361587623,""answer"":{}},""d-conclusion"":{""endTime"":1708354196795,""answer"":{""dinosaur-notice"":""1""},""startTime"":1708354192287},""chart-render-3"":{""answer"":{},""startTime"":1708361585498,""endTime"":1708361586557},""chart-render-6"":{""startTime"":1708361588803,""endTime"":1708361589859,""answer"":{}},""instructions"":{""startTime"":1708361581365,""endTime"":1708361583154,""answer"":{}},""chart-render-7"":{""startTime"":1708361589867,""endTime"":1708361590924,""answer"":{}},""chart-render-5"":{""startTime"":1708361587631,""endTime"":1708361588791,""answer"":{}},""chart-render-1"":{""answer"":{},""endTime"":1708361584405,""startTime"":1708361583162},""more-common"":{""startTime"":1708354176758,""endTime"":1708354192279,""answer"":{""major-quadrant"":""1""}},""g-conclusion"":{""answer"":{""gorilla-notice"":""0""},""startTime"":1708354196803,""endTime"":1708354201962}}","657265e9358aaeeafdbae13aeaf67209ab646a575bd85341af5a10e8da19e45c","o5fizWujNhb9o4WoYPqz","{}","instructions,chart-render-1,chart-render-2,chart-render-3,chart-render-4,chart-render-5,chart-render-6,chart-render-7,more-common,d-conclusion,g-conclusion,end",""
"{""chart-render-1"":{""startTime"":1708303727571,""answer"":{},""endTime"":1708303729989},""chart-render-2"":{""answer"":{},""startTime"":1708303730003,""endTime"":1708303731037},""chart-render-5"":{""startTime"":1708303733123,""answer"":{},""endTime"":1708303734298},""instructions"":{""endTime"":1708303727560,""startTime"":1708303690378,""answer"":{}},""chart-render-6"":{""startTime"":1708303734311,""endTime"":1708303735347,""answer"":{}},""more-common"":{""startTime"":1708303736409,""answer"":{""major-quadrant"":""1""},""endTime"":1708303740074},""chart-render-4"":{""startTime"":1708303732087,""answer"":{},""endTime"":1708303733118},""d-conclusion"":{""startTime"":1708303740078,""endTime"":1708303745609,""answer"":{""dinosaur-notice"":""0""}},""chart-render-7"":{""endTime"":1708303736393,""startTime"":1708303735358,""answer"":{}},""g-conclusion"":{""answer"":{""gorilla-notice"":""0""},""endTime"":1708303748436,""startTime"":1708303745617},""chart-render-3"":{""startTime"":1708303731048,""endTime"":1708303732078,""answer"":{}}}","657265e9358aaeeafdbae13aeaf67209ab646a575bd85341af5a10e8da19e45c","pyUULlkxTg3fvMhtr7C0","{}","instructions,chart-render-1,chart-render-2,chart-render-3,chart-render-4,chart-render-5,chart-render-6,chart-render-7,more-common,d-conclusion,g-conclusion,end",""
"{""chart-render-6"":{""startTime"":1708388047620,""answer"":{},""endTime"":1708388048654},""g-conclusion"":{""endTime"":1708388059272,""startTime"":1708388057485,""answer"":{""gorilla-notice"":""0""}},""chart-render-4"":{""startTime"":1708388045469,""endTime"":1708388046496,""answer"":{}},""chart-render-1"":{""endTime"":1708388043402,""startTime"":1708388042028,""answer"":{}},""instructions"":{""startTime"":1708388040724,""answer"":{},""endTime"":1708388042025},""more-common"":{""startTime"":1708388049707,""answer"":{""major-quadrant"":""1""},""endTime"":1708388055073},""d-conclusion"":{""endTime"":1708388057481,""answer"":{""dinosaur-notice"":""0""},""startTime"":1708388055077},""chart-render-3"":{""startTime"":1708388044444,""endTime"":1708388045463,""answer"":{}},""chart-render-2"":{""answer"":{},""startTime"":1708388043408,""endTime"":1708388044438},""chart-render-5"":{""startTime"":1708388046501,""answer"":{},""endTime"":1708388047615},""chart-render-7"":{""answer"":{},""endTime"":1708388049696,""startTime"":1708388048660}}","657265e9358aaeeafdbae13aeaf67209ab646a575bd85341af5a10e8da19e45c","xuGAU5lcbtvBEhztUxgQ","{}","instructions,chart-render-1,chart-render-2,chart-render-3,chart-render-4,chart-render-5,chart-render-6,chart-render-7,more-common,d-conclusion,g-conclusion,end",""